CustID,Age,Gender,PinCode,Active,Calls,Minutes,Amt,AvgTime,Age_Group
1001,29,F,186904,Yes,2247,18214,3168.76,8.105919003,18-30
1002,22,M,593759,Yes,2065,13342,2530.36,6.461016949,18-30
1003,29,F,304561,Yes,1869,11305,2268.98,6.048689139,18-30
1004,33,F,350060,Yes,2177,14560,2481.57,6.688102894,30-45
1005,32,M,484559,No,1799,11298,2149.07,6.280155642,30-45
1006,28,M,686167,Yes,2338,14455,2231.74,6.182634731,18-30
1007,38,M,631089,Yes,2030,13727,2303.42,6.762068966,30-45
1008,35,M,824326,Yes,2107,14693,2441.88,6.973421927,30-45
1009,29,F,818899,Yes,1722,13265,2231.95,7.703252033,18-30
1010,36,F,930931,Yes,1841,16625,2823.03,9.030418251,30-45
1011,26,M,595941,Yes,1883,13440,2468.48,7.137546468,18-30
1012,28,M,602668,Yes,2135,14847,2041.76,6.954098361,18-30
1013,35,F,171806,Yes,2184,14553,2942.1,6.663461538,30-45
1014,22,M,302339,Yes,2072,16996,2652.44,8.202702703,18-30
1015,23,M,768919,Yes,1946,14154,2482.13,7.273381295,18-30
1016,30,F,147088,Yes,2338,16051,3313.45,6.865269461,18-30
1017,33,M,502450,Yes,2296,15575,2943.22,6.783536585,30-45
1018,40,F,146890,Yes,2149,13503,2197.02,6.283387622,30-45
1019,38,M,440723,Yes,2247,15659,2878.19,6.968847352,30-45
1020,22,F,592395,Yes,2170,16660,2975.42,7.677419355,18-30
1021,30,F,229201,Yes,1974,16394,3125.92,8.304964539,18-30
1022,40,M,648794,Yes,2198,14161,2603.65,6.442675159,30-45
1023,20,M,240741,Yes,2044,14623,2586.71,7.154109589,18-30
1024,29,F,264547,Yes,1953,15631,2556.26,8.003584229,18-30
1025,20,M,793211,Yes,1981,13426,2215.22,6.777385159,18-30
1026,25,F,893312,Yes,2009,15897,2573.13,7.912891986,18-30
1027,39,M,330799,No,1771,12019,2030.56,6.786561265,30-45
1028,38,M,293385,Yes,2023,12292,2524.48,6.076124567,30-45
1029,28,F,753869,Yes,2338,17451,3513.86,7.464071856,18-30
1030,26,M,970983,Yes,1820,11116,1709.47,6.107692308,18-30
1031,24,F,375292,Yes,2205,14609,2658.25,6.625396825,18-30
1032,20,M,310625,Yes,2044,15120,2987.95,7.397260274,18-30
1033,38,F,376761,Yes,1729,12124,2706.55,7.012145749,30-45
1034,26,F,461809,Yes,1673,8302,1338.54,4.962343096,18-30
1035,29,F,678280,Yes,1778,14301,2140.88,8.043307087,18-30
1036,36,M,866512,Yes,1834,14735,2633.33,8.034351145,30-45
1037,38,F,137385,Yes,1757,12201,2396.73,6.944223108,30-45
1038,37,F,667488,Yes,1960,14252,2215.5,7.271428571,30-45
1039,37,F,849508,Yes,1617,14441,2002.84,8.930735931,30-45
1040,29,M,851041,Yes,1883,13951,2073.47,7.408921933,18-30
1041,26,F,276318,Yes,1904,14427,3026.1,7.577205882,18-30
1042,33,F,583654,Yes,2030,12649,2113.3,6.231034483,30-45
1043,27,M,564321,Yes,1939,15750,3007.9,8.122743682,18-30
1044,38,F,861888,Yes,1806,12950,1720.25,7.170542636,30-45
1045,32,F,363282,Yes,1757,10381,2043.09,5.908366534,30-45
1046,26,F,677156,Yes,2030,10913,1903.37,5.375862069,18-30
1047,38,M,245086,Yes,2345,14147,1972.88,6.032835821,30-45
1048,32,M,331507,Yes,1869,13916,2908.22,7.445692884,30-45
1049,31,M,906399,Yes,1435,13223,2882.04,9.214634146,30-45
1050,31,F,986626,Yes,2009,10416,1903.09,5.18466899,30-45
1051,27,M,837057,Yes,1939,10836,1651.86,5.588447653,18-30
1052,32,M,209332,Yes,1869,13643,2428.23,7.299625468,30-45
1053,23,F,763217,Yes,2058,14826,2579.01,7.204081633,18-30
1054,30,M,888052,Yes,2429,17185,2884.77,7.074927954,18-30
1055,34,F,541634,Yes,1960,13524,2404.5,6.9,30-45
1056,29,F,342532,Yes,2093,13979,2623.18,6.678929766,18-30
1057,38,F,225216,Yes,1764,12208,1733.2,6.920634921,30-45
1058,21,M,162580,Yes,1953,12621,2125.41,6.462365591,18-30
1059,22,M,804435,Yes,1897,10675,2019.01,5.627306273,18-30
1060,40,M,500550,Yes,1855,13748,2543.38,7.411320755,30-45
1061,35,F,760778,Yes,2009,16373,2748.2,8.149825784,30-45
1062,32,M,350065,Yes,2226,17171,2974.79,7.713836478,30-45
1063,30,M,408560,Yes,1939,15022,2828.91,7.747292419,18-30
1064,34,M,233805,Yes,1981,12439,1990.52,6.279151943,30-45
1065,35,F,203614,Yes,1918,9996,2127.58,5.211678832,30-45
1066,36,M,418673,Yes,1729,12075,1777.86,6.983805668,30-45
1067,24,F,821485,Yes,1799,14392,2172.66,8,18-30
1068,35,M,201796,Yes,1946,14371,2361.94,7.384892086,30-45
1069,24,F,872099,Yes,2408,17927,3202.78,7.444767442,18-30
1070,33,M,101415,Yes,2177,11235,1890.07,5.160771704,30-45
1071,20,F,727097,No,1715,8533,1493.45,4.975510204,18-30
1072,39,F,111721,Yes,2373,15904,2260.51,6.702064897,30-45
1073,30,F,919397,Yes,1904,12075,2014.11,6.341911765,18-30
1074,22,M,969487,Yes,1876,13650,2060.59,7.276119403,18-30
1075,34,M,540907,Yes,2156,11823,2230.97,5.483766234,30-45
1076,22,F,381010,Yes,2667,20461,4097.66,7.67191601,18-30
1077,22,F,858506,Yes,2324,13713,2651.81,5.90060241,18-30
1078,32,M,423874,Yes,2352,15876,2529.94,6.75,30-45
1079,30,M,572644,Yes,2492,17815,2969.61,7.148876404,18-30
1080,24,M,240129,Yes,2191,16590,2958.27,7.571884984,18-30
1081,37,M,855935,Yes,2184,13734,2361.1,6.288461538,30-45
1082,24,M,827079,Yes,2114,15015,2658.95,7.102649007,18-30
1083,27,F,238034,Yes,2093,17248,3115.07,8.240802676,18-30
1084,32,F,232920,Yes,2100,14721,2591.68,7.01,30-45
1085,39,M,425050,Yes,2128,12005,2295.72,5.641447368,30-45
1086,21,F,258805,Yes,2149,17717,3309.81,8.244299674,18-30
1087,40,F,560260,Yes,2044,16772,2610.93,8.205479452,30-45
1088,32,M,771013,Yes,1883,11424,2471.07,6.066914498,30-45
1089,39,F,238322,Yes,1995,12740,2104.27,6.385964912,30-45
1090,27,M,616537,Yes,2002,14742,2178.05,7.363636364,18-30
1091,22,F,125482,Yes,2240,12159,2364.46,5.428125,18-30
1092,36,F,959202,Yes,2149,12803,2196.81,5.957654723,30-45
1093,20,M,783650,Yes,2233,11228,1958.32,5.028213166,18-30
1094,35,F,773352,Yes,2030,12320,2553.81,6.068965517,30-45
1095,34,M,653665,Yes,2156,13902,2824.64,6.448051948,30-45
1096,38,F,235930,Yes,1582,13671,2396.8,8.64159292,30-45
1097,25,F,121489,Yes,2107,14259,2335.55,6.76744186,18-30
1098,25,F,540133,Yes,2051,12404,1998.43,6.04778157,18-30
1099,37,M,619038,Yes,2156,17241,3138.38,7.996753247,30-45
1100,35,F,890401,Yes,2240,10696,1955.66,4.775,30-45
1101,32,F,569887,Yes,2093,12495,1777.72,5.969899666,30-45
1102,35,F,821008,Yes,2303,15932,2660,6.917933131,30-45
1103,38,F,629196,Yes,2177,14539,2291.87,6.678456592,30-45
1104,35,F,677365,Yes,1981,12985,2754.71,6.554770318,30-45
1105,23,F,124487,Yes,2226,15204,2484.23,6.830188679,18-30
1106,40,M,145339,Yes,2366,13734,2370.06,5.804733728,30-45
1107,29,F,255284,Yes,2163,14987,2397.29,6.928802589,18-30
1108,23,F,209557,Yes,2303,10528,2006.2,4.571428571,18-30
1109,24,M,509664,Yes,1841,8757,1737.82,4.756653992,18-30
1110,36,F,844692,Yes,1967,13440,2636.55,6.832740214,30-45
1111,26,F,462096,Yes,2226,17535,3528.21,7.877358491,18-30
1112,22,F,475937,Yes,2156,15239,2275,7.068181818,18-30
1113,30,M,866805,Yes,2086,13993,2458.89,6.708053691,18-30
1114,40,M,718304,Yes,2387,19292,3705.66,8.082111437,30-45
1115,32,M,861085,Yes,2268,14070,2269.75,6.203703704,30-45
1116,27,F,807369,Yes,2345,13965,1976.59,5.955223881,18-30
1117,32,M,220646,Yes,2156,12229,2426.9,5.672077922,30-45
1118,40,M,522425,Yes,2492,14112,3206.28,5.662921348,30-45
1119,32,M,849899,Yes,2030,12845,1968.47,6.327586207,30-45
1120,32,F,249428,No,1918,15197,2676.66,7.923357664,30-45
1121,35,F,221098,Yes,2471,23079,4167.73,9.339943343,30-45
1122,32,M,284607,Yes,2275,17703,3234.28,7.781538462,30-45
1123,23,M,240212,Yes,2261,16226,2890.79,7.176470588,18-30
1124,20,M,972552,No,1624,7861,1379.98,4.840517241,18-30
1125,28,F,798531,Yes,2422,16709,3002.86,6.898843931,18-30
1126,24,M,688308,Yes,2009,14805,2339.12,7.369337979,18-30
1127,39,M,431847,Yes,2058,13720,1744.47,6.666666667,30-45
1128,31,M,441814,No,1855,11242,1696.45,6.060377358,30-45
1129,35,M,689751,Yes,2240,16072,2732.03,7.175,30-45
1130,36,F,412810,Yes,2093,11606,2225.51,5.545150502,30-45
1131,36,F,608977,No,1897,16688,3225.18,8.79704797,30-45
1132,21,M,877009,Yes,1967,14231,2616.67,7.234875445,18-30
1133,23,F,825878,Yes,1876,11788,2319.73,6.28358209,18-30
1134,35,F,948093,Yes,1932,10073,1936.27,5.213768116,30-45
1135,38,F,657758,No,1456,11074,2018.38,7.605769231,30-45
1136,26,F,316934,Yes,2233,13720,2120.86,6.144200627,18-30
1137,26,M,120742,Yes,2156,13965,2772.14,6.477272727,18-30
1138,22,F,279721,Yes,1890,14525,2532.04,7.685185185,18-30
1139,33,M,494919,Yes,1883,12082,2247.56,6.416356877,30-45
1140,25,M,265304,Yes,1974,12481,2212.84,6.322695035,18-30
1141,26,F,120677,Yes,2149,11424,2156.42,5.315960912,18-30
1142,30,M,234366,No,1456,7868,1423.73,5.403846154,18-30
1143,31,F,859242,Yes,1897,13622,2623.32,7.180811808,30-45
1144,26,F,660478,Yes,1925,11921,1957.2,6.192727273,18-30
1145,20,M,880928,Yes,2471,17304,3432.38,7.002832861,18-30
1146,38,M,274510,Yes,2107,12453,2175.74,5.910299003,30-45
1147,36,M,816164,Yes,2058,13804,2655.59,6.707482993,30-45
1148,26,M,238286,Yes,1799,10346,1456.63,5.750972763,18-30
1149,20,M,528167,Yes,1911,15883,3051.3,8.311355311,18-30
1150,26,F,900443,Yes,1946,18284,3111.92,9.395683453,18-30
1151,32,M,808753,Yes,1827,13041,2288.86,7.137931034,30-45
1152,20,M,385460,Yes,2002,10388,1747.2,5.188811189,18-30
1153,21,M,485444,Yes,2016,14350,2380.84,7.118055556,18-30
1154,20,F,571638,Yes,2128,14133,2324.56,6.641447368,18-30
1155,31,M,253556,Yes,2037,12180,2186.87,5.979381443,30-45
1156,39,F,359916,Yes,2149,17402,3557.54,8.09771987,30-45
1157,22,M,439720,Yes,2233,11592,2272.62,5.191222571,18-30
1158,22,F,904751,Yes,2177,17283,2780.96,7.938906752,18-30
1159,22,M,784004,Yes,2310,15421,3126.55,6.675757576,18-30
1160,29,M,622401,Yes,1981,12600,2290.89,6.360424028,18-30
1161,31,F,862471,Yes,1995,12054,1918.7,6.042105263,30-45
1162,40,M,570251,Yes,1883,11354,2041.69,6.029739777,30-45
1163,28,F,350883,Yes,1827,12929,2615.97,7.076628352,18-30
1164,36,M,811788,Yes,1729,11172,1876.14,6.461538462,30-45
1165,27,F,182708,Yes,1659,13776,2789.08,8.303797468,18-30
1166,20,M,794058,Yes,1715,9261,1885.38,5.4,18-30
1167,23,F,540422,Yes,1925,15582,2877.21,8.094545455,18-30
1168,40,F,754782,Yes,1820,13209,2593.64,7.257692308,30-45
1169,32,M,104656,Yes,2142,15204,2275.14,7.098039216,30-45
1170,34,M,661764,Yes,2254,15092,2517.55,6.695652174,30-45
1171,29,F,375256,Yes,2100,11942,2358.44,5.686666667,18-30
1172,39,M,546674,Yes,1911,14441,2237.62,7.556776557,30-45
1173,33,F,303839,Yes,1855,13944,1887.06,7.516981132,30-45
1174,27,F,961464,Yes,2205,15106,3162.6,6.850793651,18-30
1175,34,F,232424,Yes,1806,13048,2150.12,7.224806202,30-45
1176,30,M,199159,Yes,2156,13097,2152.78,6.074675325,18-30
1177,38,F,120816,Yes,1995,12418,2223.9,6.224561404,30-45
1178,36,M,249538,Yes,2226,13706,2939.72,6.157232704,30-45
1179,29,F,883809,Yes,1925,14462,2038.26,7.512727273,18-30
1180,29,M,879431,Yes,2002,11270,1825.39,5.629370629,18-30
1181,34,F,381036,Yes,1750,11781,2086.42,6.732,30-45
1182,28,F,512942,Yes,2037,12929,2693.25,6.347079038,18-30
1183,23,M,936310,Yes,2184,17885,2518.32,8.189102564,18-30
1184,21,M,742787,Yes,1785,13118,2437.26,7.349019608,18-30
1185,23,F,943898,Yes,2268,19068,2658.88,8.407407407,18-30
1186,29,F,529369,Yes,1771,16464,3168.62,9.296442688,18-30
1187,35,M,860792,Yes,1953,12180,1994.02,6.23655914,30-45
1188,36,F,414924,Yes,1813,12019,2046.66,6.629343629,30-45
1189,30,M,858241,Yes,1743,10381,1588.02,5.955823293,18-30
1190,26,M,743476,Yes,1995,13083,2459.59,6.557894737,18-30
1191,30,M,570479,Yes,1680,14035,2479.54,8.354166667,18-30
1192,24,F,367427,Yes,1960,18550,3038,9.464285714,18-30
1193,40,F,355971,Yes,1561,10423,1852.9,6.677130045,30-45
1194,35,F,953323,Yes,1932,11711,2061.22,6.061594203,30-45
1195,36,M,238515,Yes,1876,12159,2060.03,6.481343284,30-45
1196,29,M,289862,Yes,1736,10577,1708,6.092741935,18-30
1197,25,M,430236,Yes,2478,17815,3412.78,7.189265537,18-30
1198,25,M,703056,Yes,1631,11543,2329.11,7.077253219,18-30
1199,26,M,801062,Yes,1806,10346,1646.19,5.728682171,18-30
1200,34,M,964215,Yes,2093,12341,2208.22,5.89632107,30-45
1201,40,M,933404,Yes,1904,10780,1565.06,5.661764706,30-45
1202,29,F,812711,Yes,2009,11662,1839.95,5.804878049,18-30
1203,31,M,956461,Yes,2163,13811,2485.35,6.385113269,30-45
1204,38,M,280613,Yes,1841,11914,2009.63,6.47148289,30-45
1205,23,F,141013,Yes,1939,14280,2964.5,7.364620939,18-30
1206,21,F,917591,Yes,1939,12614,2458.68,6.505415162,18-30
1207,39,M,181894,Yes,1687,13629,2364.11,8.078838174,30-45
1208,22,M,371063,Yes,2037,13916,2337.16,6.83161512,18-30
1209,28,F,805836,No,1344,8435,1248.17,6.276041667,18-30
1210,39,M,156241,Yes,1876,15197,2608.62,8.100746269,30-45
1211,21,F,850198,Yes,2198,15694,3002.79,7.140127389,18-30
1212,29,M,665773,Yes,1890,9737,1928.71,5.151851852,18-30
1213,40,F,858486,Yes,1778,10094,1931.16,5.677165354,30-45
1214,22,F,882452,Yes,2086,14056,2390.99,6.738255034,18-30
1215,20,F,468066,Yes,2247,18284,2837.17,8.137071651,18-30
1216,20,F,261462,Yes,2170,14819,2529.38,6.829032258,18-30
1217,20,M,994096,Yes,2149,15239,2770.18,7.091205212,18-30
1218,24,F,627431,Yes,2079,14882,2406.53,7.158249158,18-30
1219,39,F,482825,Yes,1918,16289,2209.76,8.49270073,30-45
1220,27,F,104560,Yes,2492,17570,3135.02,7.050561798,18-30
1221,31,M,514502,Yes,2142,16002,2912.21,7.470588235,30-45
1222,28,F,556000,Yes,1694,12229,2125.06,7.219008264,18-30
1223,26,F,293552,Yes,2107,11774,2433.2,5.588039867,18-30
1224,22,M,722991,Yes,2128,12222,2168.46,5.743421053,18-30
1225,20,M,635837,Yes,2058,14091,2461.06,6.846938776,18-30
1226,28,M,936437,Yes,1939,13965,2438.73,7.202166065,18-30
1227,23,F,215872,Yes,1967,14854,2774.03,7.551601423,18-30
1228,22,F,213163,Yes,2212,12901,1894.55,5.832278481,18-30
1229,36,M,693018,Yes,1953,13902,1789.41,7.11827957,30-45
1230,21,F,484282,Yes,2212,15379,2827.58,6.952531646,18-30
1231,33,F,402725,Yes,1883,12355,2242.24,6.56133829,30-45
1232,23,F,117582,Yes,1680,14784,2844.24,8.8,18-30
1233,32,F,777177,No,1575,10934,1698.2,6.942222222,30-45
1234,32,F,768805,Yes,1827,12124,2335.76,6.636015326,30-45
1235,40,F,500421,Yes,1974,14343,2984.66,7.265957447,30-45
1236,27,M,427750,Yes,2002,13790,2163.35,6.888111888,18-30
1237,26,F,824295,Yes,1680,9058,1669.71,5.391666667,18-30
1238,34,M,933178,Yes,1631,12719,2490.67,7.798283262,30-45
1239,31,F,849690,Yes,1729,14756,2677.08,8.534412955,30-45
1240,35,M,491171,Yes,2023,12726,2071.09,6.290657439,30-45
1241,24,M,354556,Yes,1904,11921,2386.72,6.261029412,18-30
1242,25,F,194173,Yes,1463,11508,2488.71,7.866028708,18-30
1243,34,M,986391,Yes,2142,15505,2730.98,7.238562092,30-45
1244,30,M,275296,Yes,2156,14322,2477.72,6.642857143,18-30
1245,21,M,760147,Yes,2408,20573,3258.29,8.543604651,18-30
1246,30,F,208544,Yes,1834,12481,2112.81,6.805343511,18-30
1247,40,F,572781,Yes,1645,12831,2120.02,7.8,30-45
1248,35,F,352541,Yes,1792,13608,2244.55,7.59375,30-45
1249,25,F,509680,Yes,2009,14189,2390.36,7.06271777,18-30
1250,40,F,956642,Yes,1876,13174,2266.95,7.02238806,30-45
1251,29,M,234299,Yes,1813,11403,1841.14,6.28957529,18-30
1252,31,M,872458,Yes,2303,19173,3066.28,8.325227964,30-45
1253,38,F,857135,Yes,2135,9898,1792.07,4.636065574,30-45
1254,31,M,827499,Yes,2212,19313,3103.52,8.731012658,30-45
1255,33,M,527210,Yes,2051,11529,1926.12,5.62116041,30-45
1256,21,F,838530,Yes,1918,12852,2008.65,6.700729927,18-30
1257,25,M,127252,Yes,2324,13601,2187.08,5.852409639,18-30
1258,40,F,157422,Yes,1946,12985,2170.7,6.672661871,30-45
1259,39,F,951850,Yes,1736,13251,2444.75,7.633064516,30-45
1260,37,F,845815,Yes,1855,12642,2277.73,6.81509434,30-45
1261,24,F,700471,Yes,1827,15785,2948.61,8.639846743,18-30
1262,30,M,460283,Yes,1645,12593,2706.83,7.655319149,18-30
1263,23,M,451326,Yes,1491,12019,2319.45,8.061032864,18-30
1264,29,M,772685,Yes,2520,18487,3133.62,7.336111111,18-30
1265,25,M,306022,Yes,1897,13979,2101.47,7.36900369,18-30
1266,28,F,138468,Yes,2072,12390,2022.3,5.97972973,18-30
1267,25,F,660931,Yes,2023,14392,2356.41,7.114186851,18-30
1268,22,F,114186,Yes,1960,12684,2279.2,6.471428571,18-30
1269,26,M,991919,Yes,1792,11326,1803.34,6.3203125,18-30
1270,28,M,980139,Yes,1806,11249,1924.02,6.228682171,18-30
1271,39,M,808565,Yes,1757,10955,1863.05,6.235059761,30-45
1272,33,M,586231,Yes,2023,14273,2408.77,7.055363322,30-45
1273,39,F,706248,Yes,2051,12642,2180.36,6.163822526,30-45
1274,24,F,724404,Yes,1967,13083,2561.37,6.651245552,18-30
1275,29,F,771024,Yes,1666,11809,2042.53,7.088235294,18-30
1276,24,M,165705,Yes,1862,13902,2830.66,7.466165414,18-30
1277,36,F,553085,Yes,2058,13181,2681.14,6.404761905,30-45
1278,35,M,111317,Yes,1981,14427,2753.59,7.282685512,30-45
1279,19,M,944440,No,1904,12124,2078.37,6.367647059,18-30
1280,40,M,441350,Yes,1596,10822,1765.12,6.780701754,30-45
1281,35,M,421601,Yes,1981,14875,2679.53,7.508833922,30-45
1282,31,F,304525,Yes,2044,16352,2914.38,8,30-45
1283,38,F,835911,Yes,1764,13398,2761.5,7.595238095,30-45
1284,25,F,679964,Yes,1911,11361,2292.57,5.945054945,18-30
1285,29,F,471249,Yes,1673,8995,1532.93,5.376569038,18-30
1286,24,F,111238,Yes,1582,10493,1712.62,6.632743363,18-30
1287,25,F,973803,Yes,1456,10934,1844.43,7.509615385,18-30
1288,29,F,943326,Yes,1680,11431,1976.1,6.804166667,18-30
1289,25,F,760602,Yes,1827,11249,2356.48,6.157088123,18-30
1290,39,F,180385,Yes,1701,10731,1879.99,6.308641975,30-45
1291,30,M,285655,Yes,1967,12047,1913.87,6.12455516,18-30
1292,38,M,896223,Yes,1428,10773,2174.2,7.544117647,30-45
1293,28,M,702516,Yes,1750,9996,1831.06,5.712,18-30
1294,40,F,508817,Yes,1596,11445,1684.76,7.171052632,30-45
1295,37,M,918974,Yes,1953,10626,1815.1,5.440860215,30-45
1296,34,F,886257,Yes,1967,10934,2265.06,5.558718861,30-45
1297,29,F,575241,Yes,1659,9982,1598.03,6.016877637,18-30
1298,38,M,234821,Yes,1617,11053,1890.28,6.835497835,30-45
1299,20,M,705604,Yes,1806,10381,1659.63,5.748062016,18-30
1300,34,F,206194,Yes,1666,8862,1597.96,5.319327731,30-45
1301,25,M,828417,Yes,2023,13041,2088.87,6.446366782,18-30
1302,25,F,378864,Yes,2205,14301,2664.83,6.485714286,18-30
1303,38,M,290253,Yes,1715,10003,1749.72,5.832653061,30-45
1304,33,M,794894,Yes,1981,14042,3273.69,7.088339223,30-45
1305,29,M,322588,Yes,1890,14203,2665.53,7.514814815,18-30
1306,36,M,186696,No,1589,10521,1937.74,6.621145374,30-45
1307,40,F,471835,Yes,1897,10941,1912.33,5.767527675,30-45
1308,24,M,621449,Yes,1617,8638,1697.5,5.341991342,18-30
1309,40,M,278196,Yes,1967,11536,2432.99,5.864768683,30-45
1310,23,M,941149,Yes,1785,15491,2807.49,8.678431373,18-30
1311,24,M,359430,Yes,1680,11732,2476.25,6.983333333,18-30
1312,40,F,269717,Yes,1792,12271,2013.62,6.84765625,30-45
1313,22,F,605190,Yes,1813,12334,2360.54,6.803088803,18-30
1314,26,M,660401,No,1953,15127,2395.05,7.745519713,18-30
1315,24,M,241783,Yes,1953,12047,2537.22,6.168458781,18-30
1316,24,F,602409,Yes,2254,14819,2676.03,6.574534161,18-30
1317,28,F,448356,Yes,1876,12684,2289.28,6.76119403,18-30
1318,34,F,407122,Yes,1827,12908,2226.77,7.0651341,30-45
1319,29,F,491962,Yes,2156,13146,1899.66,6.097402597,18-30
1320,39,F,879443,Yes,2030,13797,2925.65,6.796551724,30-45
1321,36,F,196948,Yes,1785,14910,3052.56,8.352941176,30-45
1322,21,F,157341,Yes,1764,15645,2980.11,8.869047619,18-30
1323,30,M,239976,Yes,1883,13118,1859.34,6.966542751,18-30
1324,31,F,127801,No,1757,11515,1987.86,6.553784861,30-45
1325,23,F,145487,Yes,1666,11578,2065.49,6.949579832,18-30
1326,36,M,334824,Yes,1757,11655,1949.99,6.633466135,30-45
1327,27,F,329817,Yes,1820,13797,2570.19,7.580769231,18-30
1328,24,F,104196,Yes,1946,13356,2436,6.863309353,18-30
1329,23,M,903444,Yes,1876,11095,2228.03,5.914179104,18-30
1330,37,F,816036,Yes,1631,10941,1559.53,6.708154506,30-45
1331,39,M,104908,Yes,1568,10584,1965.88,6.75,30-45
1332,26,F,964953,Yes,1827,14385,2173.36,7.873563218,18-30
1333,36,M,828679,Yes,1652,10332,1756.09,6.254237288,30-45
1334,23,F,236094,Yes,1722,10731,1990.31,6.231707317,18-30
1335,30,M,846097,Yes,1764,12978,2575.72,7.357142857,18-30
1336,38,M,663557,Yes,1407,8708,1431.15,6.189054726,30-45
1337,28,F,271569,Yes,1827,11179,2377.06,6.118773946,18-30
1338,29,F,113655,Yes,1568,11361,2267.58,7.245535714,18-30
1339,30,F,669751,Yes,1701,11865,1764.98,6.975308642,18-30
1340,24,F,147934,Yes,1883,12012,2065,6.379182156,18-30
1341,20,M,100364,Yes,1596,13013,2227.47,8.153508772,18-30
1342,20,F,988311,Yes,1890,14021,2657.69,7.418518519,18-30
1343,30,F,211180,Yes,1827,13328,1887.2,7.295019157,18-30
1344,27,F,850313,Yes,1666,11137,2228.03,6.68487395,18-30
1345,21,M,682479,Yes,1911,12250,1944.81,6.41025641,18-30
1346,39,M,299685,Yes,1456,11893,1878.59,8.168269231,30-45
1347,37,F,739053,Yes,1680,9737,1506.82,5.795833333,30-45
1348,22,F,383529,Yes,1904,13020,1721.58,6.838235294,18-30
1349,23,M,867572,Yes,1890,11648,2188.9,6.162962963,18-30
1350,20,F,994186,Yes,1799,13083,2331,7.272373541,18-30
1351,20,F,142965,Yes,1540,10773,2327.15,6.995454545,18-30
1352,28,F,529002,Yes,1624,10675,1936.62,6.573275862,18-30
1353,22,M,202528,Yes,1827,10031,1666.42,5.490421456,18-30
1354,39,M,392866,Yes,2163,14602,3105.34,6.750809061,30-45
1355,23,F,421491,Yes,1967,16429,3099.53,8.352313167,18-30
1356,35,M,575098,Yes,2079,14035,2686.46,6.750841751,30-45
1357,24,F,647545,Yes,1792,10507,1835.33,5.86328125,18-30
1358,36,M,937636,Yes,1435,10157,1644.93,7.07804878,30-45
1359,39,M,884313,Yes,1848,12782,2634.17,6.916666667,30-45
1360,34,F,418997,Yes,1400,7966,1696.17,5.69,30-45
1361,30,M,262849,Yes,2247,8659,1379.35,3.853582555,18-30
1362,27,M,222661,Yes,2086,12523,1820.21,6.003355705,18-30
1363,24,M,725022,Yes,1925,13804,2202.06,7.170909091,18-30
1364,25,M,479440,Yes,1715,11725,2499.63,6.836734694,18-30
1365,26,F,873273,No,1764,13034,2076.2,7.388888889,18-30
1366,37,M,991921,Yes,1862,11676,1897.84,6.270676692,30-45
1367,36,F,453174,Yes,1533,11011,1723.68,7.182648402,30-45
1368,29,F,958250,Yes,2128,15022,2599.03,7.059210526,18-30
1369,29,M,421970,Yes,1848,12656,2191.14,6.848484848,18-30
1370,37,M,635622,Yes,1918,15652,2862.23,8.160583942,30-45
1371,38,M,201152,Yes,2093,16492,2493.19,7.879598662,30-45
1372,40,M,430785,Yes,2485,18319,3209.57,7.371830986,30-45
1373,29,F,982835,Yes,2072,13090,2280.53,6.317567568,18-30
1374,20,M,327797,Yes,1645,11844,1975.68,7.2,18-30
1375,40,M,642419,Yes,2205,12831,1810.48,5.819047619,30-45
1376,38,M,737450,Yes,1967,10150,1884.61,5.160142349,30-45
1377,37,M,553113,Yes,1981,10339,1943.48,5.219081272,30-45
1378,27,M,839098,Yes,2163,13482,2491.23,6.233009709,18-30
1379,21,F,511958,Yes,1834,12537,2155.93,6.835877863,18-30
1380,23,M,152165,Yes,1764,10955,2101.61,6.21031746,18-30
1381,36,F,443039,Yes,1778,11564,1961.19,6.503937008,30-45
1382,36,F,867840,Yes,1400,11445,2172.87,8.175,30-45
1383,35,M,620384,Yes,1638,12936,2229.22,7.897435897,30-45
1384,26,M,811287,Yes,1701,12271,2593.71,7.21399177,18-30
1385,26,F,735770,Yes,1316,9933,1606.08,7.54787234,18-30
1386,39,F,828179,Yes,1785,11515,2320.57,6.450980392,30-45
1387,28,M,670263,Yes,1666,11536,1944.04,6.924369748,18-30
1388,27,M,940897,Yes,1505,8855,1760.85,5.88372093,18-30
1389,32,M,788151,Yes,1344,9471,1651.72,7.046875,30-45
1390,33,M,252693,Yes,1484,9786,1716.61,6.594339623,30-45
1391,28,M,215637,Yes,1484,11298,1874.95,7.613207547,18-30
1392,25,M,225165,Yes,1820,10913,1842.54,5.996153846,18-30
1393,28,F,655582,Yes,1610,13055,2250.01,8.108695652,18-30
1394,35,M,169384,Yes,1750,12901,2259.81,7.372,30-45
1395,39,M,462509,No,2128,11907,2024.68,5.595394737,30-45
1396,25,F,962310,Yes,1463,10388,1588.02,7.100478469,18-30
1397,28,F,332593,Yes,1904,10738,1480.15,5.639705882,18-30
1398,26,M,908343,Yes,1764,11739,2363.55,6.654761905,18-30
1399,25,M,535956,Yes,1666,11340,2470.86,6.806722689,18-30
1400,27,F,722804,Yes,1645,12327,2007.46,7.493617021,18-30
1401,22,F,634427,Yes,1918,12201,2408.7,6.361313869,18-30
1402,20,F,922463,Yes,1540,13027,2337.09,8.459090909,18-30
1403,20,M,261377,Yes,1701,11732,1979.04,6.897119342,18-30
1404,48,M,533304,Yes,1897,17493,3240.79,9.221402214,>45
1405,23,M,754898,Yes,1666,11690,1937.6,7.016806723,18-30
1406,40,F,250166,Yes,1848,12978,2431.94,7.022727273,30-45
1407,32,F,626240,Yes,1771,11886,2048.9,6.711462451,30-45
1408,22,M,759443,Yes,1610,9520,1520.05,5.913043478,18-30
1409,29,F,725903,Yes,1911,12761,2534.14,6.677655678,18-30
1410,27,F,361239,Yes,1428,12334,2238.25,8.637254902,18-30
1411,39,M,837163,Yes,1575,6881,929.95,4.368888889,30-45
1412,20,F,695476,Yes,1834,10486,1903.44,5.717557252,18-30
1413,47,M,517196,Yes,1988,14693,2502.71,7.39084507,>45
1414,48,M,676273,Yes,1575,10612,2174.62,6.737777778,>45
1415,27,F,335643,No,1862,15057,2889.18,8.086466165,18-30
1416,29,M,774889,Yes,1848,14966,2639.84,8.098484848,18-30
1417,34,M,869126,Yes,1890,15421,2661.47,8.159259259,30-45
1418,49,M,582825,Yes,1904,13384,2442.02,7.029411765,>45
1419,39,F,831446,Yes,1736,10493,2002.7,6.044354839,30-45
1420,26,M,610056,Yes,1722,11578,1906.8,6.723577236,18-30
1421,28,M,774782,Yes,1897,14042,2876.58,7.402214022,18-30
1422,27,F,525931,Yes,1799,13321,2500.47,7.404669261,18-30
1423,50,F,630895,Yes,1638,14924,2800.42,9.111111111,>45
1424,26,M,424875,Yes,1960,15967,2915.92,8.146428571,18-30
1425,18,F,732782,No,1778,11144,1865.99,6.267716535,18-30
1426,47,F,419042,Yes,1589,10136,1956.85,6.378854626,>45
1427,41,F,423096,Yes,1638,11263,1805.23,6.876068376,30-45
1428,31,M,456845,Yes,1855,13167,2188.13,7.098113208,30-45
1429,36,F,990339,Yes,1792,11039,1897.49,6.16015625,30-45
1430,48,F,619465,Yes,1582,8771,1433.81,5.544247788,>45
1431,23,F,726262,Yes,1505,11641,2141.51,7.734883721,18-30
1432,38,F,624290,Yes,1701,10689,1848.21,6.283950617,30-45
1433,29,M,465996,Yes,1582,10885,1701.77,6.880530973,18-30
1434,36,M,787256,Yes,1659,9933,1505.14,5.987341772,30-45
1435,45,F,657862,Yes,1428,9618,1448.72,6.735294118,30-45
1436,19,F,601784,Yes,1575,10794,1955.38,6.853333333,18-30
1437,22,M,978514,Yes,1757,11935,2019.85,6.792828685,18-30
1438,18,F,785376,Yes,1477,11214,2501.17,7.592417062,18-30
1439,26,F,200006,Yes,1505,14777,2315.6,9.818604651,18-30
1440,44,F,257512,Yes,1477,12299,1953.63,8.327014218,30-45
1441,49,M,380786,Yes,1463,11529,2219.77,7.880382775,>45
1442,34,F,751016,Yes,1925,14476,2677.78,7.52,30-45
1443,37,F,537634,Yes,1729,10969,1703.17,6.344129555,30-45
1444,38,F,188458,Yes,1638,10283,1960.63,6.277777778,30-45
1445,42,F,906366,Yes,1477,8834,1160.46,5.981042654,30-45
1446,38,M,862148,Yes,1722,10682,1985.27,6.203252033,30-45
1447,20,F,771941,Yes,1925,12831,2383.92,6.665454545,18-30
1448,46,M,852567,Yes,1526,9891,1527.26,6.481651376,>45
1449,21,F,916057,Yes,1596,10843,2547.65,6.793859649,18-30
1450,49,F,830332,Yes,1764,11298,2485.21,6.404761905,>45
1451,44,M,734990,Yes,1484,8799,1598.73,5.929245283,30-45
1452,25,F,407297,Yes,1624,12348,2611.98,7.603448276,18-30
1453,36,F,855148,Yes,1771,10906,2618.49,6.158102767,30-45
1454,31,M,544558,Yes,2065,13069,2419.9,6.328813559,30-45
1455,21,M,754209,Yes,1729,12929,2066.61,7.477732794,18-30
1456,22,M,541872,Yes,1841,13643,2532.25,7.410646388,18-30
1457,51,F,254923,Yes,1484,12131,1862.21,8.174528302,>45
1458,24,F,787334,Yes,1841,10584,1457.61,5.74904943,18-30
1459,27,M,229937,Yes,1750,14259,2746.31,8.148,18-30
1460,40,F,506586,Yes,1897,15225,2843.12,8.025830258,30-45
1461,23,M,761299,Yes,1813,15155,3203.27,8.359073359,18-30
1462,25,M,546972,Yes,1463,12131,2311.33,8.291866029,18-30
1463,39,M,964666,Yes,1869,11228,2094.47,6.007490637,30-45
1464,25,F,986182,Yes,1785,11256,1914.71,6.305882353,18-30
1465,32,M,899763,Yes,1561,10052,1546.86,6.439461883,30-45
1466,20,M,561623,Yes,1785,10542,1429.4,5.905882353,18-30
1467,48,M,262604,Yes,1330,10346,1725.5,7.778947368,>45
1468,23,M,174071,Yes,1974,13069,2441.6,6.620567376,18-30
1469,18,F,213277,Yes,1512,11683,1888.04,7.726851852,18-30
1470,50,F,433124,Yes,1869,13286,2481.01,7.108614232,>45
1471,47,M,914196,Yes,1960,12978,1958.11,6.621428571,>45
1472,18,F,316945,Yes,1540,13412,2215.78,8.709090909,18-30
1473,23,M,333127,Yes,1645,12803,2543.66,7.782978723,18-30
1474,23,F,110577,Yes,1624,13517,2301.81,8.323275862,18-30
1475,48,M,412598,Yes,2065,17948,3539.34,8.691525424,>45
1476,41,M,435991,Yes,2149,9576,1405.81,4.456026059,30-45
1477,47,M,547172,Yes,1855,12495,2239.93,6.735849057,>45
1478,21,M,537225,Yes,1995,11767,2390.01,5.898245614,18-30
1479,24,M,923967,Yes,1883,11389,1898.12,6.048327138,18-30
1480,21,F,170745,Yes,2037,14700,2506.07,7.216494845,18-30
1481,36,F,780074,Yes,1855,14945,2662.17,8.056603774,30-45
1482,41,F,630563,Yes,1694,12110,2360.12,7.148760331,30-45
1483,43,F,795572,Yes,1708,11620,1769.6,6.803278689,30-45
1484,47,M,239666,Yes,1519,11788,2365.37,7.760368664,>45
1485,30,F,239090,Yes,1729,13090,2629.69,7.570850202,18-30
1486,43,F,331327,Yes,1778,16247,3189.62,9.137795276,30-45
1487,25,F,628329,Yes,1722,14462,2249.52,8.398373984,18-30
1488,40,M,794222,Yes,1666,12663,2197.44,7.600840336,30-45
1489,32,F,962386,Yes,1750,13664,1940.68,7.808,30-45
1490,29,F,797796,Yes,1708,8386,1629.32,4.909836066,18-30
1491,33,F,683380,Yes,1855,12005,1997.24,6.471698113,30-45
1492,33,F,134529,Yes,2023,13860,2289.98,6.851211073,30-45
1493,36,F,531654,Yes,1939,13657,2516.85,7.0433213,30-45
1494,45,M,292442,Yes,2009,10150,1633.94,5.052264808,30-45
1495,31,F,789216,Yes,1631,11102,1871.59,6.806866953,30-45
1496,49,M,352156,Yes,1575,9541,1681.89,6.057777778,>45
1497,29,M,322809,Yes,1848,12425,2171.61,6.723484848,18-30
1498,41,M,352866,Yes,1778,10962,1937.11,6.165354331,30-45
1499,23,M,436152,Yes,2093,19733,3698.45,9.428093645,18-30
1500,35,F,134410,Yes,2009,15932,2178.68,7.930313589,30-45
1501,19,M,520952,Yes,2023,12320,2047.71,6.089965398,18-30
1502,48,F,481343,Yes,1827,9233,1594.74,5.053639847,>45
1503,43,F,393383,Yes,1729,10745,1831.55,6.214574899,30-45
1504,34,F,540475,Yes,1876,15365,2217.53,8.190298507,30-45
1505,31,F,523640,Yes,1862,14581,2397.64,7.830827068,30-45
1506,50,M,467953,Yes,2107,15820,2447.41,7.508305648,>45
1507,36,F,796856,Yes,1841,10920,1776.04,5.931558935,30-45
1508,27,M,312941,Yes,1918,15197,2892.26,7.923357664,18-30
1509,21,F,444757,Yes,1666,11501,1875.72,6.903361345,18-30
1510,22,M,703399,Yes,1561,9009,1635.83,5.771300448,18-30
1511,51,M,623215,Yes,1876,12817,2003.61,6.832089552,>45
1512,35,F,663460,Yes,1645,13013,2302.02,7.910638298,30-45
1513,22,F,569654,Yes,1883,13461,2345.35,7.148698885,18-30
1514,28,F,823626,Yes,1848,14791,2437.54,8.003787879,18-30
1515,47,F,920333,Yes,2002,13209,2310.21,6.597902098,>45
1516,39,M,179946,Yes,1974,15050,2697.8,7.624113475,30-45
1517,29,M,355828,Yes,2065,12299,2238.25,5.955932203,18-30
1518,24,F,454547,Yes,1904,9380,1598.59,4.926470588,18-30
1519,33,M,311942,Yes,1785,12936,2281.02,7.247058824,30-45
1520,25,M,305100,Yes,1792,11403,2192.47,6.36328125,18-30
1521,18,M,451935,Yes,1925,13300,2192.33,6.909090909,18-30
1522,34,F,572846,Yes,1876,15323,1997.1,8.167910448,30-45
1523,24,M,911135,Yes,1638,13041,2374.4,7.961538462,18-30
1524,37,M,541126,Yes,1694,11424,2357.46,6.743801653,30-45
1525,43,M,179925,Yes,1869,14147,2764.37,7.56928839,30-45
1526,38,F,797328,Yes,1631,13489,2140.53,8.270386266,30-45
1527,32,M,156982,Yes,1757,12138,2125.55,6.908366534,30-45
1528,36,M,687295,Yes,1715,13433,2243.57,7.832653061,30-45
1529,28,F,766539,No,1323,9611,1752.73,7.264550265,18-30
1530,36,F,576807,Yes,1932,16695,3385.2,8.641304348,30-45
1531,49,M,921999,Yes,1925,12572,2522.1,6.530909091,>45
1532,22,M,293217,Yes,1484,9016,1668.24,6.075471698,18-30
1533,50,M,203869,Yes,1785,14875,1947.33,8.333333333,>45
1534,45,F,595377,Yes,1799,13293,2047.85,7.389105058,30-45
1535,43,M,349463,Yes,1435,9485,1384.67,6.609756098,30-45
1536,23,F,404176,Yes,1848,12922,2611.98,6.992424242,18-30
1537,27,M,207393,Yes,1715,11158,2070.81,6.506122449,18-30
1538,23,M,452835,Yes,1596,12796,1970.43,8.01754386,18-30
1539,44,F,649372,Yes,1582,9604,1771.42,6.07079646,30-45
1540,50,M,392453,Yes,1400,11088,1789.06,7.92,>45
1541,42,M,609004,Yes,1673,8624,1586.48,5.154811715,30-45
1542,47,M,827868,Yes,1981,12404,1879.15,6.261484099,>45
1543,33,F,316422,Yes,1603,12446,2189.67,7.76419214,30-45
1544,34,M,681818,No,1477,8729,1262.1,5.909952607,30-45
1545,18,M,840922,Yes,2163,15813,2350.67,7.310679612,18-30
1546,32,F,766098,Yes,2100,15330,2614.5,7.3,30-45
1547,38,M,941003,Yes,1799,11732,1952.09,6.521400778,30-45
1548,21,M,195043,Yes,1708,10780,1959.51,6.31147541,18-30
1549,40,F,895119,Yes,1820,12824,2629.41,7.046153846,30-45
1550,30,F,838350,Yes,1603,12572,1887.83,7.84279476,18-30
1551,39,F,420222,Yes,1673,10829,1676.71,6.472803347,30-45
1552,25,F,103680,Yes,1652,10500,1664.04,6.355932203,18-30
1553,25,M,195543,Yes,2240,12782,2511.39,5.70625,18-30
1554,51,F,561334,Yes,1827,12978,1892.17,7.103448276,>45
1555,31,M,285714,Yes,1694,12327,2132.06,7.276859504,30-45
1556,51,F,903212,Yes,1708,11767,2471.35,6.889344262,>45
1557,39,M,727362,Yes,1988,11018,1835.33,5.542253521,30-45
1558,46,F,826945,Yes,2037,15645,3230.36,7.680412371,>45
1559,42,F,255416,Yes,1820,11837,2021.39,6.503846154,30-45
1560,38,F,347725,Yes,2394,13188,2499,5.50877193,30-45
1561,49,M,230838,Yes,1841,14392,2532.88,7.817490494,>45
1562,30,M,595515,Yes,1960,12222,1855.91,6.235714286,18-30
1563,29,M,824072,Yes,1911,10724,1697.36,5.611721612,18-30
1564,46,F,494644,Yes,1813,12551,1920.66,6.922779923,>45
1565,23,F,718501,Yes,1967,12047,1697.5,6.12455516,18-30
1566,25,M,452380,Yes,1967,14595,2710.12,7.419928826,18-30
1567,29,F,904499,Yes,2107,14378,1841.77,6.823920266,18-30
1568,23,M,369341,Yes,1897,13860,2618.63,7.306273063,18-30
1569,27,M,658496,Yes,1876,12810,2628.15,6.828358209,18-30
1570,32,F,709556,Yes,2030,14413,2348.71,7.1,30-45
1571,44,M,289961,Yes,1925,13356,2412.13,6.938181818,30-45
1572,40,F,542675,Yes,1708,13265,2411.92,7.766393443,30-45
1573,21,F,579215,Yes,2009,15743,3231.55,7.836236934,18-30
1574,44,M,369597,Yes,2219,13727,2763.25,6.186119874,30-45
1575,38,F,989200,Yes,2254,15057,3174.5,6.680124224,30-45
1576,19,F,977609,Yes,2240,16072,2831.22,7.175,18-30
1577,34,F,153866,Yes,2058,15274,3101.49,7.421768707,30-45
1578,32,M,600410,Yes,1855,10157,1631.14,5.475471698,30-45
1579,22,M,274404,Yes,2037,11998,2343.46,5.890034364,18-30
1580,20,M,730074,Yes,2114,12929,2531.55,6.11589404,18-30
1581,21,M,656657,Yes,1687,10885,1979.74,6.452282158,18-30
1582,19,F,110646,Yes,1995,10591,1783.81,5.30877193,18-30
1583,46,M,243812,Yes,1778,13223,2448.18,7.437007874,>45
1584,31,M,992267,Yes,1701,11893,1792.91,6.991769547,30-45
1585,30,M,656387,Yes,2072,12404,2751.84,5.986486486,18-30
1586,47,M,465024,Yes,1862,13972,2146.2,7.503759398,>45
1587,36,M,529347,Yes,1820,11851,2373.28,6.511538462,30-45
1588,31,M,155595,Yes,1932,13538,2501.31,7.007246377,30-45
1589,19,F,291789,Yes,1484,11340,2007.6,7.641509434,18-30
1590,35,M,781902,Yes,1631,11368,2325.19,6.969957082,30-45
1591,19,M,712322,Yes,2079,15764,2702.49,7.582491582,18-30
1592,47,M,409899,Yes,1911,12117,1965.88,6.340659341,>45
1593,24,M,399945,Yes,1981,10843,2407.09,5.473498233,18-30
1594,49,M,143702,Yes,1946,13860,2351.65,7.122302158,>45
1595,32,M,266354,Yes,1750,11711,2200.1,6.692,30-45
1596,39,M,850351,Yes,1967,13503,2593.22,6.864768683,30-45
1597,25,F,967767,Yes,1897,13748,1981.84,7.247232472,18-30
1598,47,F,231548,Yes,2002,15183,2592.38,7.583916084,>45
1599,19,M,739812,Yes,1904,9716,1713.6,5.102941176,18-30
1600,32,M,972872,Yes,2289,14168,2781.24,6.189602446,30-45
1601,29,F,186904,Yes,1855,11641,2239.23,6.275471698,18-30
1602,22,M,593759,Yes,2338,14161,2607.78,6.056886228,18-30
1603,29,F,304561,Yes,2023,13986,2527.56,6.91349481,18-30
1604,33,F,350060,Yes,1869,10283,1486.73,5.501872659,30-45
1605,35,M,484559,Yes,1925,13328,2271.01,6.923636364,30-45
1606,28,M,686167,Yes,1806,11795,1952.37,6.531007752,18-30
1607,38,M,631089,Yes,2240,14077,2322.74,6.284375,30-45
1608,35,M,824326,Yes,2030,11592,1995.63,5.710344828,30-45
1609,29,F,818899,Yes,1855,13125,2115.33,7.075471698,18-30
1610,36,F,930931,Yes,1932,16205,3095.61,8.387681159,30-45
1611,26,M,595941,Yes,2191,13958,2021.04,6.370607029,18-30
1612,28,M,602668,Yes,2373,14728,2416.19,6.206489676,18-30
1613,35,F,171806,Yes,1890,12831,2463.3,6.788888889,30-45
1614,22,M,302339,Yes,2352,14525,2835.56,6.175595238,18-30
1615,23,M,768919,Yes,1988,12705,2244.48,6.39084507,18-30
1616,30,F,147088,Yes,2324,14637,2703.89,6.298192771,18-30
1617,33,M,502450,Yes,2065,14413,2760.31,6.979661017,30-45
1618,40,F,146890,Yes,2058,12509,2278.5,6.078231293,30-45
1619,38,M,440723,Yes,2415,14854,2563.96,6.150724638,30-45
1620,22,F,592395,No,1834,11683,2107.84,6.370229008,18-30
1621,30,F,229201,Yes,2177,12089,2091.32,5.553054662,18-30
1622,40,M,648794,Yes,1932,15386,2732.17,7.963768116,30-45
1623,20,M,240741,Yes,2310,13279,2549.33,5.748484848,18-30
1624,29,F,264547,Yes,2044,14623,2537.08,7.154109589,18-30
1625,20,M,793211,Yes,2177,10899,1665.86,5.006430868,18-30
1626,25,F,893312,Yes,2037,13083,2269.47,6.422680412,18-30
1627,39,M,330799,Yes,1967,11298,1937.88,5.743772242,30-45
1628,38,M,293385,Yes,2002,11767,2263.52,5.877622378,30-45
1629,28,F,753869,Yes,2058,14980,2321.48,7.278911565,18-30
1630,26,M,970983,Yes,2184,15680,3405.01,7.179487179,18-30
1631,24,F,375292,Yes,1694,13692,2496.97,8.082644628,18-30
1632,20,M,310625,Yes,2023,14210,2454.2,7.024221453,18-30
1633,38,F,376761,Yes,1995,11893,2511.25,5.961403509,30-45
1634,26,F,461809,Yes,1855,9737,1675.66,5.249056604,18-30
1635,29,F,678280,Yes,1925,12047,2138.5,6.258181818,18-30
1636,36,M,866512,Yes,1631,9030,1857.8,5.536480687,30-45
1637,38,F,137385,Yes,1491,7861,1608.18,5.272300469,30-45
1638,37,F,667488,Yes,1764,12187,2155.72,6.908730159,30-45
1639,37,F,849508,Yes,1701,12285,1921.85,7.222222222,30-45
1640,29,M,851041,Yes,1953,13895,2332.12,7.114695341,18-30
1641,26,F,276318,Yes,1785,8526,1252.23,4.776470588,18-30
1642,33,F,583654,Yes,1372,8260,1467.76,6.020408163,30-45
1643,27,M,564321,Yes,1974,13279,2123.38,6.726950355,18-30
1644,38,F,861888,No,1428,9387,1260.56,6.573529412,30-45
1645,32,F,363282,Yes,2247,17752,2733.92,7.900311526,30-45
1646,26,F,677156,No,1491,13062,2491.72,8.76056338,18-30
1647,38,M,245086,Yes,1505,10024,1644.09,6.660465116,30-45
1648,32,M,331507,Yes,1799,10962,2083.76,6.093385214,30-45
1649,31,M,906399,Yes,1799,12299,1789.27,6.836575875,30-45
1650,31,F,986626,Yes,2100,12859,1912.61,6.123333333,30-45
1651,27,M,837057,Yes,1743,10899,1662.36,6.253012048,18-30
1652,32,M,209332,Yes,1974,11795,1529.92,5.975177305,30-45
1653,23,F,763217,Yes,2016,13013,2117.64,6.454861111,18-30
1654,30,M,888052,Yes,2114,15260,2425.85,7.218543046,18-30
1655,34,F,541634,Yes,2086,14735,2532.25,7.063758389,30-45
1656,29,F,342532,Yes,1981,12264,2316.37,6.190812721,18-30
1657,38,F,225216,Yes,2163,11718,2226.56,5.417475728,30-45
1658,21,M,162580,Yes,1953,12523,1960,6.41218638,18-30
1659,22,M,804435,Yes,2345,15260,2735.88,6.507462687,18-30
1660,40,M,500550,Yes,2107,15211,2396.31,7.219269103,30-45
1661,35,F,760778,Yes,1869,13076,2254.7,6.996254682,30-45
1662,32,M,350065,Yes,1974,16478,3065.23,8.34751773,30-45
1663,30,M,408560,Yes,1680,11851,1899.66,7.054166667,18-30
1664,34,M,233805,Yes,1988,13125,2464.14,6.602112676,30-45
1665,35,F,203614,Yes,1701,13678,2422,8.041152263,30-45
1666,36,M,418673,Yes,1792,13041,2360.26,7.27734375,30-45
1667,24,F,821485,Yes,2345,15827,2557.24,6.749253731,18-30
1668,35,M,201796,Yes,2121,19845,3719.73,9.356435644,30-45
1669,24,F,872099,Yes,2079,12222,1839.74,5.878787879,18-30
1670,33,M,101415,Yes,1904,13846,2689.89,7.272058824,30-45
1671,20,F,727097,Yes,1855,12026,2418.85,6.483018868,18-30
1672,39,F,111721,Yes,1988,14406,3034.99,7.246478873,30-45
1673,30,F,919397,Yes,1967,14637,2499.77,7.441281139,18-30
1674,22,M,969487,Yes,2254,14308,2562.91,6.347826087,18-30
1675,34,M,540907,Yes,2016,11928,1952.65,5.916666667,30-45
1676,22,F,381010,Yes,2093,15085,2590.28,7.20735786,18-30
1677,22,F,858506,Yes,2016,13160,2198.07,6.527777778,18-30
1678,32,M,423874,Yes,2072,12411,2000.95,5.989864865,30-45
1679,30,M,572644,Yes,2114,12502,2057.79,5.913907285,18-30
1680,24,M,240129,Yes,1904,12075,2652.51,6.341911765,18-30
1681,37,M,855935,Yes,2044,10822,2230.9,5.294520548,30-45
1682,24,M,827079,Yes,1834,11459,1755.39,6.248091603,18-30
1683,27,F,238034,Yes,2009,14791,2502.92,7.362369338,18-30
1684,32,F,232920,Yes,1869,14231,2766.75,7.61423221,30-45
1685,39,M,425050,Yes,1337,9653,1483.3,7.219895288,30-45
1686,21,F,258805,Yes,1470,9184,1529.99,6.247619048,18-30
1687,40,F,560260,Yes,1624,12061,2155.65,7.426724138,30-45
1688,32,M,771013,Yes,1911,10150,2061.29,5.311355311,30-45
1689,39,F,238322,Yes,1841,11578,1893.92,6.288973384,30-45
1690,27,M,616537,Yes,1939,9730,1508.01,5.018050542,18-30
1691,22,F,125482,Yes,1694,12670,2697.52,7.479338843,18-30
1692,36,F,959202,Yes,1743,10927,1581.23,6.269076305,30-45
1693,20,M,783650,Yes,1939,12509,1927.87,6.451263538,18-30
1694,35,F,773352,Yes,1491,10731,1966.58,7.197183099,30-45
1695,34,M,653665,Yes,1981,12775,2528.82,6.448763251,30-45
1696,38,F,235930,Yes,2002,11242,1908.13,5.615384615,30-45
1697,25,F,121489,Yes,1659,13195,2352.84,7.953586498,18-30
1698,25,F,540133,Yes,1995,15869,3321.5,7.954385965,18-30
1699,37,M,619038,Yes,1568,9212,1288.28,5.875,30-45
1700,35,F,890401,Yes,1624,9471,1769.39,5.831896552,30-45
1701,18,F,414551,Yes,1904,13209,2121.35,6.9375,18-30
1702,29,M,340058,Yes,1820,10395,2058.7,5.711538462,18-30
1703,37,M,686633,Yes,1722,10164,1802.99,5.902439024,30-45
1704,18,F,681525,Yes,2240,16681,3421.74,7.446875,18-30
1705,35,F,844879,Yes,1841,12684,1920.45,6.88973384,30-45
1706,31,F,962308,Yes,1750,11662,2220.68,6.664,30-45
1707,26,M,172768,Yes,1883,12194,1934.31,6.475836431,18-30
1708,46,F,511733,Yes,1568,12089,2121.84,7.709821429,>45
1709,36,M,289869,Yes,1456,7371,1301.3,5.0625,30-45
1710,24,M,836962,Yes,1610,12229,2271.22,7.595652174,18-30
1711,21,M,650072,No,1456,10318,1621.2,7.086538462,18-30
1712,29,M,463194,Yes,1778,11676,2287.39,6.566929134,18-30
1713,44,F,746668,Yes,1981,11298,1948.45,5.703180212,30-45
1714,26,F,311274,Yes,2016,14315,1830.5,7.100694444,18-30
1715,40,F,631122,Yes,2002,13517,2336.32,6.751748252,30-45
1716,44,M,937405,Yes,2212,13874,2201.29,6.272151899,30-45
1717,47,F,891254,Yes,1918,11396,1872.36,5.941605839,>45
1718,42,M,704420,Yes,1652,11396,2229.22,6.898305085,30-45
1719,29,F,560191,Yes,2093,11984,2286.06,5.725752508,18-30
1720,50,M,317230,Yes,1890,15519,3254.02,8.211111111,>45
1721,50,M,382296,Yes,1995,14938,2440.9,7.487719298,>45
1722,41,M,274358,Yes,1855,15813,3007.55,8.524528302,30-45
1723,28,M,838464,Yes,1743,10318,2008.37,5.919678715,18-30
1724,28,M,201836,Yes,1631,10185,1619.17,6.244635193,18-30
1725,35,M,456527,Yes,1799,13083,2371.53,7.272373541,30-45
1726,50,M,769526,Yes,1645,11865,2229.22,7.212765957,>45
1727,25,F,349808,Yes,1687,14469,2384.34,8.576763485,18-30
1728,51,F,490027,Yes,1988,12747,2306.85,6.411971831,>45
1729,49,M,489756,Yes,2219,14644,2270.8,6.599369085,>45
1730,45,M,596631,Yes,1407,9583,1235.08,6.810945274,30-45
1731,37,F,478495,Yes,1708,13244,2537.92,7.754098361,30-45
1732,25,F,242014,Yes,1715,13678,2037.84,7.975510204,18-30
1733,27,M,567376,Yes,1421,9975,1712.69,7.019704433,18-30
1734,36,M,873655,Yes,1666,11200,2343.74,6.722689076,30-45
1735,39,M,459511,Yes,1512,10605,1679.86,7.013888889,30-45
1736,51,M,774425,Yes,1379,9079,1252.3,6.583756345,>45
1737,48,F,942607,Yes,1589,12201,2035.88,7.678414097,>45
1738,37,M,586128,Yes,1351,11767,2011.94,8.70984456,30-45
1739,35,F,580161,Yes,1939,15085,2525.18,7.779783394,30-45
1740,19,F,486186,Yes,1841,12166,2550.24,6.608365019,18-30
1741,41,F,962756,No,1197,8960,1142.54,7.485380117,30-45
1742,30,M,589443,Yes,2016,13195,1994.23,6.545138889,18-30
1743,48,F,821143,Yes,1820,13944,2337.16,7.661538462,>45
1744,32,M,625402,Yes,1911,15015,2498.23,7.857142857,30-45
1745,30,F,168172,No,1484,11781,2018.38,7.938679245,18-30
1746,41,F,272307,No,1064,8659,1557.99,8.138157895,30-45
1747,36,F,443211,No,1239,8932,1359.68,7.209039548,30-45
1748,41,M,420848,Yes,1799,7861,1488.34,4.369649805,30-45
1749,50,F,663108,Yes,2100,13720,2029.93,6.533333333,>45
1750,40,M,189096,Yes,1855,13839,2538.69,7.460377358,30-45
1751,29,F,428608,Yes,1610,11067,2014.18,6.873913043,18-30
1752,49,M,613608,Yes,1911,13489,2129.4,7.058608059,>45
1753,31,F,919104,Yes,2023,11886,2540.72,5.875432526,30-45
1754,48,M,707333,Yes,2240,14399,2678.27,6.428125,>45
1755,37,F,656435,Yes,1757,11501,1733.27,6.545816733,30-45
1756,49,F,143915,Yes,1995,11200,1976.8,5.614035088,>45
1757,23,F,421496,Yes,1932,13559,2500.96,7.018115942,18-30
1758,19,M,802065,Yes,1624,13363,2519.86,8.228448276,18-30
1759,51,F,196527,Yes,1939,11319,2379.3,5.837545126,>45
1760,29,F,624578,Yes,1981,12789,2363.41,6.455830389,18-30
1761,49,F,854714,Yes,2198,12677,2026.99,5.767515924,>45
1762,29,M,602473,Yes,1890,11690,2112.18,6.185185185,18-30
1763,41,M,912420,Yes,1925,13188,2220.12,6.850909091,30-45
1764,43,M,118284,Yes,1841,15323,3108.98,8.323193916,30-45
1765,43,F,531425,Yes,2072,16366,2869.16,7.898648649,30-45
1766,22,F,150341,Yes,2086,17353,3463.74,8.318791946,18-30
1767,27,M,583187,Yes,1981,12558,2390.01,6.339222615,18-30
1768,24,M,513489,Yes,2359,15974,2793.21,6.771513353,18-30
1769,43,M,631557,Yes,1981,11466,2179.52,5.787985866,30-45
1770,30,M,818740,Yes,2100,15400,2536.31,7.333333333,18-30
1771,26,M,481374,Yes,1960,14350,2261.7,7.321428571,18-30
1772,29,F,481122,Yes,2289,15764,2802.38,6.886850153,18-30
1773,25,F,490573,Yes,2366,18753,3424.19,7.926035503,18-30
1774,22,M,277287,Yes,1827,9576,1713.46,5.24137931,18-30
1775,43,M,508389,Yes,2254,15309,2782.64,6.791925466,30-45
1776,38,M,561090,Yes,1967,11823,2059.75,6.010676157,30-45
1777,51,M,186092,Yes,2030,15666,2673.3,7.717241379,>45
1778,34,F,178464,Yes,2695,20594,3805.83,7.641558442,30-45
1779,33,F,319126,No,1498,12124,2459.73,8.093457944,30-45
1780,42,F,574725,Yes,1841,15561,2688.07,8.452471483,30-45
1781,41,M,779427,Yes,2016,11963,2157.4,5.934027778,30-45
1782,49,F,271348,Yes,2058,10871,2087.68,5.282312925,>45
1783,45,M,937598,Yes,1988,13265,2248.61,6.672535211,30-45
1784,20,F,742755,Yes,1687,13853,2802.17,8.211618257,18-30
1785,44,F,168577,Yes,1526,12551,2171.68,8.224770642,30-45
1786,45,F,157867,Yes,2072,16219,3412.15,7.827702703,30-45
1787,29,F,747692,Yes,2009,11466,2221.73,5.707317073,18-30
1788,20,F,121228,Yes,1722,9709,1724.31,5.638211382,18-30
1789,43,M,321356,Yes,1582,12684,2093.77,8.017699115,30-45
1790,18,F,521361,Yes,1722,13041,2070.39,7.573170732,18-30
1791,24,M,302017,Yes,1729,11011,1928.01,6.368421053,18-30
1792,23,F,974394,Yes,2023,11221,2324.91,5.546712803,18-30
1793,39,M,743153,Yes,1624,10262,1987.58,6.318965517,30-45
1794,29,F,374162,Yes,1841,14973,2810.01,8.133079848,18-30
1795,20,F,273528,Yes,1806,8841,1611.47,4.895348837,18-30
1796,35,F,349067,Yes,1904,9205,1523.69,4.834558824,30-45
1797,31,M,624490,Yes,2093,18669,3377.64,8.919732441,30-45
1798,27,M,171824,Yes,1932,15127,2751.56,7.829710145,18-30
1799,29,F,275382,Yes,1624,9058,1985.9,5.577586207,18-30
1800,51,F,794763,Yes,1491,7966,1193.43,5.342723005,>45
1801,28,F,855727,Yes,1939,9303,1981.28,4.797833935,18-30
1802,19,M,236006,Yes,1680,10605,1546.72,6.3125,18-30
1803,40,F,573497,Yes,2093,15512,3206.42,7.411371237,30-45
1804,37,F,286167,Yes,1890,13160,2783.34,6.962962963,30-45
1805,44,M,768209,Yes,2002,10493,1211.84,5.241258741,30-45
1806,26,F,371994,Yes,2093,10801,2251.13,5.160535117,18-30
1807,48,M,209984,Yes,1729,9359,1370.81,5.412955466,>45
1808,34,M,764168,Yes,1876,13202,2703.12,7.037313433,30-45
1809,31,M,232329,Yes,1855,15162,2941.05,8.173584906,30-45
1810,44,F,160534,Yes,2016,13678,2008.16,6.784722222,30-45
1811,51,M,995273,Yes,1925,12278,1867.81,6.378181818,>45
1812,41,F,808319,Yes,1904,12887,2367.68,6.768382353,30-45
1813,23,M,790543,Yes,1897,12236,1701.42,6.450184502,18-30
1814,40,M,146329,Yes,1876,12110,1835.26,6.455223881,30-45
1815,37,M,659625,Yes,2149,17248,2710.4,8.026058632,30-45
1816,19,F,349918,Yes,1946,13776,2224.6,7.079136691,18-30
1817,47,F,276713,Yes,1918,16702,2389.66,8.708029197,>45
1818,25,M,647103,Yes,1995,13202,2042.04,6.61754386,18-30
1819,22,F,744144,Yes,1953,14455,2366.98,7.401433692,18-30
1820,25,F,652397,Yes,2058,15204,2392.11,7.387755102,18-30
1821,23,M,763267,Yes,1743,10199,1470.49,5.851405622,18-30
1822,50,F,306960,Yes,2009,14175,2156.35,7.055749129,>45
1823,38,M,223224,Yes,1652,11228,2317.63,6.796610169,30-45
1824,21,F,725827,Yes,1932,13335,2218.93,6.902173913,18-30
1825,24,M,583116,No,1617,9639,1171.52,5.961038961,18-30
1826,21,M,495070,Yes,1827,9471,1817.83,5.183908046,18-30
1827,21,M,516704,Yes,1876,15771,2827.72,8.406716418,18-30
1828,45,M,356441,Yes,2037,17164,3197.39,8.426116838,30-45
1829,33,F,935037,Yes,1960,9870,1690.15,5.035714286,30-45
1830,44,F,711584,Yes,1631,9296,1620.57,5.699570815,30-45
1831,49,M,873393,Yes,1722,13895,2509.01,8.069105691,>45
1832,47,M,388735,Yes,1806,10640,2110.36,5.891472868,>45
1833,40,F,137464,Yes,1778,12656,3063.62,7.118110236,30-45
1834,35,F,760465,Yes,1960,10997,1640.59,5.610714286,30-45
1835,41,M,410923,Yes,1351,9968,2093.98,7.378238342,30-45
1836,27,M,533823,Yes,1722,13090,2133.6,7.601626016,18-30
1837,33,F,685223,Yes,1897,12677,2423.26,6.682656827,30-45
1838,50,F,305330,Yes,1211,9996,1689.17,8.25433526,>45
1839,19,M,417937,Yes,1764,11501,2362.08,6.51984127,18-30
1840,48,F,889489,Yes,1673,16086,3568.88,9.615062762,>45
1841,30,M,632589,Yes,1624,10682,1753.85,6.577586207,18-30
1842,40,F,915675,Yes,1848,12460,2333.73,6.742424242,30-45
1843,49,M,474479,Yes,1792,11305,2094.89,6.30859375,>45
1844,24,F,383316,Yes,1603,8323,1619.8,5.192139738,18-30
1845,38,F,279374,Yes,1554,10794,1917.23,6.945945946,30-45
1846,38,F,843995,Yes,1666,10724,1917.3,6.43697479,30-45
1847,24,M,469127,Yes,1806,12922,1669.99,7.15503876,18-30
1848,41,F,418473,Yes,1806,11144,1832.39,6.170542636,30-45
1849,35,F,362294,Yes,1967,12432,1809.57,6.320284698,30-45
1850,22,M,838556,Yes,1771,13370,2137.1,7.549407115,18-30
1851,41,M,203961,Yes,1491,10038,2003.12,6.732394366,30-45
1852,24,M,121215,Yes,1484,10339,1626.1,6.966981132,18-30
1853,19,F,800293,Yes,2079,15183,2411.85,7.303030303,18-30
1854,50,F,821892,Yes,1778,13965,1886.43,7.854330709,>45
1855,40,F,610039,Yes,1827,10262,2174.48,5.616858238,30-45
1856,41,M,652057,Yes,1848,12866,1628.06,6.962121212,30-45
1857,42,F,975493,Yes,1694,10381,1826.09,6.128099174,30-45
1858,25,F,391486,Yes,1785,14728,2742.6,8.250980392,18-30
1859,50,M,536631,Yes,1687,10185,1891.19,6.037344398,>45
1860,45,F,982933,Yes,1806,12999,2209.06,7.197674419,30-45
1861,49,M,107665,Yes,1764,12957,1795.71,7.345238095,>45
1862,21,F,653448,Yes,1701,10227,1602.72,6.012345679,18-30
1863,26,F,636151,Yes,1806,10017,2222.85,5.546511628,18-30
1864,43,M,134147,No,1407,10507,1722.07,7.467661692,30-45
1865,42,F,668013,Yes,2163,20587,3258.57,9.517799353,30-45
1866,44,F,899033,Yes,1848,15624,2886.73,8.454545455,30-45
1867,27,M,942180,Yes,1799,13867,2649.22,7.708171206,18-30
1868,35,M,140258,Yes,1911,12621,2117.22,6.604395604,30-45
1869,41,M,716667,Yes,1729,12250,2037.14,7.085020243,30-45
1870,32,F,759225,Yes,1813,16226,2763.39,8.94980695,30-45
1871,42,F,973424,Yes,1960,14049,2205.91,7.167857143,30-45
1872,35,F,825842,Yes,1925,13741,2457.91,7.138181818,30-45
1873,34,F,826674,Yes,1981,14483,2093.7,7.310954064,30-45
1874,37,M,870730,Yes,1771,10717,2057.16,6.051383399,30-45
1875,46,M,240070,Yes,1757,12957,1936.83,7.374501992,>45
1876,35,F,557383,Yes,1953,14112,2843.89,7.225806452,30-45
1877,48,F,245917,Yes,2114,15029,2191.56,7.109271523,>45
1878,34,F,668901,Yes,2254,14847,2419.34,6.586956522,30-45
1879,19,M,999224,Yes,1848,9534,2108.4,5.159090909,18-30
1880,50,F,677024,Yes,2037,13657,2738.82,6.704467354,>45
1881,34,F,300049,Yes,2247,13447,2119.18,5.984423676,30-45
1882,42,F,350541,Yes,1799,10920,1678.74,6.070038911,30-45
1883,33,F,209654,Yes,1848,14672,2349.2,7.939393939,30-45
1884,35,F,672994,Yes,1638,10409,2063.04,6.354700855,30-45
1885,44,M,991868,Yes,1596,10948,1998.92,6.859649123,30-45
1886,45,M,248603,Yes,1946,13811,2535.89,7.097122302,30-45
1887,36,F,671049,Yes,1820,13293,2264.15,7.303846154,30-45
1888,27,M,869959,Yes,1694,11074,2293.97,6.537190083,18-30
1889,37,M,149847,Yes,1554,10465,1637.65,6.734234234,30-45
1890,22,M,312264,Yes,1407,8400,1278.2,5.970149254,18-30
1891,51,F,244285,Yes,1764,12229,2190.65,6.932539683,>45
1892,42,M,867281,Yes,1834,7672,1503.18,4.183206107,30-45
1893,32,F,137156,Yes,1687,10997,1739.29,6.518672199,30-45
1894,26,F,896477,No,1288,7693,1177.47,5.972826087,18-30
1895,43,F,946429,Yes,1806,8456,1401.19,4.682170543,30-45
1896,40,F,370519,Yes,2072,7602,1348.2,3.668918919,30-45
1897,24,F,445652,Yes,1645,7889,1353.66,4.795744681,18-30
1898,27,M,117151,Yes,1358,9030,1505.49,6.649484536,18-30
1899,32,F,423338,Yes,1729,12922,2490.18,7.473684211,30-45
1900,43,M,876631,Yes,1743,10262,2313.99,5.887550201,30-45
1901,27,F,123887,Yes,1617,10605,1980.86,6.558441558,18-30
1902,25,M,440140,Yes,2009,12096,1872.5,6.020905923,18-30
1903,33,F,966398,Yes,1876,13692,2390.64,7.298507463,30-45
1904,30,F,302163,Yes,1722,11249,1920.24,6.532520325,18-30
1905,29,M,123051,Yes,1869,15274,2093.91,8.172284644,18-30
1906,25,F,595737,Yes,1715,9422,1940.26,5.493877551,18-30
1907,29,F,350518,Yes,1960,13055,2024.26,6.660714286,18-30
1908,33,F,443150,Yes,1890,10549,1633.03,5.581481481,30-45
1909,29,F,838628,Yes,1680,9674,1922.27,5.758333333,18-30
1910,31,F,195296,Yes,1799,10598,1858.78,5.891050584,30-45
1911,25,F,250882,Yes,1890,15155,2666.37,8.018518519,18-30
1912,31,M,398515,Yes,1687,14455,3064.67,8.56846473,30-45
1913,26,M,135210,No,1316,10206,1719.27,7.755319149,18-30
1914,25,F,766586,Yes,2100,11683,1910.72,5.563333333,18-30
1915,32,M,229531,Yes,1876,11382,1823.57,6.067164179,30-45
1916,29,M,866420,Yes,2023,13811,1938.16,6.826989619,18-30
1917,28,M,314443,Yes,2198,16380,3326.82,7.452229299,18-30
1918,29,F,410246,Yes,2072,13958,2391.76,6.736486486,18-30
1919,33,F,852525,Yes,2100,14812,2834.16,7.053333333,30-45
1920,31,F,436770,Yes,2079,12355,2050.09,5.942760943,30-45
1921,28,F,454763,Yes,2002,13118,2238.46,6.552447552,18-30
1922,31,M,981383,Yes,1827,9443,1684.76,5.168582375,30-45
1923,24,M,319054,Yes,2331,11725,2237.41,5.03003003,18-30
1924,30,F,923925,Yes,1862,10094,1885.66,5.421052632,18-30
1925,32,F,901238,Yes,1925,9597,1210.93,4.985454545,30-45
1926,27,M,726136,Yes,1694,9982,1563.66,5.892561983,18-30
1927,26,F,525253,Yes,1890,16058,2609.39,8.496296296,18-30
1928,24,F,433883,Yes,1904,13993,2527.77,7.349264706,18-30
1929,29,F,234058,Yes,1610,11319,1483.93,7.030434783,18-30
1930,26,M,611554,Yes,1848,11746,1982.26,6.356060606,18-30
1931,30,F,600800,Yes,1638,11704,2058.35,7.145299145,18-30
1932,24,M,977673,Yes,1827,10080,1731.8,5.517241379,18-30
1933,29,M,379921,Yes,1820,11865,2357.11,6.519230769,18-30
1934,25,F,667818,Yes,1477,9982,1653.68,6.758293839,18-30
1935,28,M,278280,Yes,1589,7784,1394.54,4.898678414,18-30
1936,29,F,154465,Yes,1596,10766,2414.02,6.745614035,18-30
1937,30,M,359289,Yes,1603,12117,1735.09,7.558951965,18-30
1938,32,F,288925,Yes,1722,12173,2210.95,7.069105691,30-45
1939,32,M,731028,Yes,1568,12957,2597.42,8.263392857,30-45
1940,32,F,779088,Yes,1463,9310,1539.3,6.363636364,30-45
1941,25,F,113418,Yes,1722,13377,2349.48,7.768292683,18-30
1942,28,F,408702,Yes,1540,9863,1765.19,6.404545455,18-30
1943,33,F,336910,Yes,1449,11494,2413.04,7.93236715,30-45
1944,30,M,413407,Yes,1806,12369,1924.72,6.848837209,18-30
1945,24,M,315839,Yes,1974,12649,2293.13,6.407801418,18-30
1946,31,M,924272,Yes,1498,10843,1746.43,7.238317757,30-45
1947,24,F,153832,Yes,1806,13426,2632.56,7.434108527,18-30
1948,28,F,268042,Yes,1820,10899,1915.76,5.988461538,18-30
1949,30,F,106325,Yes,1701,11830,2443.35,6.95473251,18-30
1950,30,M,653429,Yes,1673,12194,1977.43,7.288702929,18-30
1951,24,F,494697,Yes,1645,10024,2056.32,6.093617021,18-30
1952,27,M,897572,Yes,2282,13048,2186.59,5.717791411,18-30
1953,33,F,751579,Yes,1876,11956,1946.98,6.373134328,30-45
1954,30,F,765557,Yes,1708,11753,2153.34,6.881147541,18-30
1955,28,F,873282,Yes,1862,11851,2382.52,6.364661654,18-30
1956,28,F,826236,Yes,1659,10822,2169.86,6.523206751,18-30
1957,29,M,758008,Yes,1862,9989,1720.74,5.364661654,18-30
1958,33,F,175408,Yes,1715,10570,1689.1,6.163265306,30-45
1959,32,M,322145,Yes,1722,7812,1695.82,4.536585366,30-45
1960,27,F,177682,Yes,1568,11928,2359,7.607142857,18-30
1961,32,F,176119,Yes,1638,11186,2347.17,6.829059829,30-45
1962,27,M,602647,No,1421,8428,1385.37,5.931034483,18-30
1963,30,M,223889,Yes,2037,9905,1770.79,4.862542955,18-30
1964,29,M,369040,Yes,2037,11515,1921.22,5.652920962,18-30
1965,27,F,560638,Yes,2086,14161,1983.45,6.788590604,18-30
1966,32,F,722177,Yes,1750,15645,2892.33,8.94,30-45
1967,32,F,837072,Yes,1897,12642,2144.73,6.664206642,30-45
1968,31,F,824489,Yes,1785,11725,1717.73,6.568627451,30-45
1969,33,F,178704,Yes,2079,12803,1998.78,6.158249158,30-45
1970,26,M,900631,Yes,2219,16016,2507.26,7.217665615,18-30
1971,31,F,331801,Yes,1841,14483,2526.58,7.866920152,30-45
1972,30,F,995944,Yes,2121,13615,2135.21,6.419141914,18-30
1973,27,M,464044,Yes,1736,11354,1890.21,6.540322581,18-30
1974,26,M,970470,Yes,1764,11088,2063.88,6.285714286,18-30
1975,24,F,955220,Yes,1750,10038,1699.32,5.736,18-30
1976,25,M,828237,Yes,1974,10409,1355.27,5.273049645,18-30
1977,26,M,291789,Yes,2044,15645,3510.29,7.654109589,18-30
1978,30,F,480392,Yes,1715,9632,1526.84,5.616326531,18-30
1979,30,M,865604,Yes,1946,13167,2265.34,6.76618705,18-30
1980,31,F,356395,Yes,1729,8652,1354.92,5.004048583,30-45
1981,26,M,569395,Yes,1939,12397,2046.73,6.393501805,18-30
1982,24,M,514656,Yes,1659,11228,1728.72,6.767932489,18-30
1983,25,M,775318,Yes,1680,10150,1757.63,6.041666667,18-30
1984,30,F,962231,Yes,1624,11137,1979.88,6.857758621,18-30
1985,25,M,223840,Yes,1491,12068,2030.35,8.093896714,18-30
1986,30,M,851036,No,1267,10451,1564.36,8.248618785,18-30
1987,32,M,361635,Yes,1561,12138,2446.99,7.775784753,30-45
1988,30,M,205500,Yes,1687,9478,1797.53,5.618257261,18-30
1989,28,F,785105,Yes,1050,7273,1089.76,6.926666667,18-30
1990,32,F,313348,Yes,1687,13076,1937.81,7.751037344,30-45
1991,32,M,555353,Yes,1778,11445,2197.09,6.437007874,30-45
1992,27,F,685935,Yes,1365,5845,1011.15,4.282051282,18-30
1993,31,F,946649,Yes,1932,11011,2117.99,5.699275362,30-45
1994,30,F,633055,Yes,1477,7210,1279.88,4.881516588,18-30
1995,26,M,705073,Yes,1785,10976,1986.53,6.149019608,18-30
1996,25,F,724356,Yes,1680,8820,980,5.25,18-30
1997,29,M,512837,Yes,1288,5747,1073.52,4.461956522,18-30
1998,27,M,490548,Yes,1568,8827,1621.76,5.629464286,18-30
1999,26,F,191675,Yes,1743,9793,2057.02,5.618473896,18-30
2000,24,M,862878,Yes,1533,11459,2391.48,7.474885845,18-30
